CODIGO,DESCRIPCION,STOCK,PRECIO VENTA
NO TIENE,PRECISE TEST ,12,5
NO TIENE,PRECISE TEST ,7,7
NO TIENE,BEBOTEST ,24,10
NO TIENE,CATETER ENDOVENOSA 24,1,3
NO TIENE,CATETER ENDOVENOSA 18 ,2,3
NO TIENE,LIGADURA,3,5
NO TIENE,LEON VIT-C+ZINC,1,40
no tiene,YUVITAN (TIAMINA +PIRIDOXINA +CIANOCOBALAMINA ),31,18
NO TIENE,UROXAN FORTE (CIPROFLOXACION +FENAZOPIRIDINA 500Mg+100Mg),37,200
NO TIENE,BRONCO TOSSAN,2,20
NO TIENE,BACTRIM FORTE 800MG+160MG,22,37.5
NO TIENE,LEONSITO GOMIPLUS (Vitamina+zic+betaglucano),1,35
NO TIENE,CONTRIL (dexa+genta+clotril),1,15
NO TIENE,A6UJAS IPODERMICAS PARA UN SOLO USO (206X 1 1/2),100,30
NO TIENE,VOMIMED (DIMENHIDRINATO 50MG),144,150
NO TIENE,HEPATOMIN B,251,200
NO TIENE,LLAVE DE PASO DE TRIPLE VIA CON EXTENSION,89,3
NO TIENE,VOLUTROL 0 INTRAVENOUS,14,8
NO TIENE,REDOXON TOTAL (vitamina D+C+zinc),2,17
NO TIENE,SONDA O CATETER URINARIO,7,3.5
NO TIENE,SONDA FOLEY DE LATEX (14) ADULTO,6,7.5
NO TIENE,A6UJAS IPODERMICAS PARA UN SOLO USO (21 6 X1 1/2),23,30
NO TIENE,4OJA DE BISTURI ESTERIL (11),98,100
NO TIENE,4OJA DE BISTURI ESTERIL (21),90,100
no tiene,HIGASAN (HEPATOL CIRROSIS),2,35
NO TIENE,"VITAMIN C 7,56/5OML",2,100
no tiene,GASTROXIL (OMEPRAZOL 20MG),342,100
NO TIENE,ALCOHOL MEDICINAL 70° ,18,2.5
NO TIENE,ALCOHOL MEDICINAL 96°,22,2.5
NO TIENE,ALCOHOL PURO 96°,7,12
NO TIENE,COLUM SYL,20,90
NO TIENE,ARTY-MED (5LUCOSAMINA CONDROTINA VITD ZINC CURCUMA Y COLENO),68,150
NO TIENE,DICLOFENACO 75mg/3ml,54,300
ME-05384-PC,PACTOREN ( SILIMARINA+ COMPLEJO B),182,200
ME-05369-PC,VERGUS (SILDENAFILO 100MG),40,6
ME-05181-PC,TADOFLEX (PARACETAMOL 300+ CLORZOXAZONA 250),127,250
ME-04783-PC,ZIRTHENS (LOSARTAN POTASICO 50MG),170,1
ME-04075-PC,DOLO-C FORTE (PARACTAMOL500MG-DICLOFENACO50MG),28,200
ME-00608-PC,SULTRI-C (SULFAMETOXAZOL+TRIMETOPRIMA),82,150
ME-00197-FC,TADOFLEX (PARACETAMOL 300+ CLORZOXAZONA 250),200,250
ME-00095-FC,TARMIDOL (TRAMADOL 37.5MG+PARACETAMOL325MG),92,2.5
ME-00092-FC,RESFLIU (PARACTAMOL+FENILEFRINA+CLOROFENAMINA),55,150
ME-00092-FC,RESFLIU (PARACTAMOL+FENILEFRINA+CLOROFENAMINA),200,150
ME-00085-FC,NOPASMOLL (PARACTAMOL + HIOSCINA ),91,150
ME-00047-FC,APROFLAM (NAPROXENO SODICO 550),47,150
ME-00043-FC,CURATOS (DEXTROMETORFANO BROMHIDRATO 15MG/5M),20,18
ME-00025-FC,AFENOX (FENAZOPIRIDINA CLORHIDRATO 100MG),148,1
ME-00021-FC,GINEPROX (NAPROXENO275MG),394,150
ME-00017-FC,MEPADOL(IBUPROFENO400MG),339,100
ME-00014-FC,NOARTRIX FORTE (MELOXICAM 7.5MG+PRIDINOL MESILATO4.0MG),167,2
ME-00011-FC,C-BREX FORTE (CELECOXIB 200MG+ORFENADRINA 35MG),397,250
ME-00005-FC,CIPRO-C FORTE (CIPROFLOXACINO+FENAZOPIRIDINA),23,200
91370,AMOXELIN (AMOXICILINA 875 +ACIDO CLAVULANICO 125),82,126
8936027006812,NEONYPOL(NEOMICINA+NISTATINA+POLIMIXINAB),36,54
8908005157625,TANSUL 0.4MG (TAMSULOSINA ),100,100
8906046202755,DIGERMIN,13,35
8906045626316,ETORICOXIB 120M6,59,240
8906045434027,FERRAMINO BB,2,32
8906014102582,KETOROLACO 60M6/2ML,98,350
8906014102438,ORFENADRINA CITRATO 60M6/2ML,90,500
890600511571,MARLENY(levonorestrel 1.5),75,150
8906005114341,UNIPIL(levonorestrel 1.5),23,20
8904324905237,PLIDOCHEK PLUS (IBUPROFENO 400MG),74,100
8904324900614,GRIPACHEK (paracetamol+desmetrofano+fenilefrina),360,200
8904324900201,NEOALERINE PLUS (cetirizina cloridrato 10m),39,30
8904324900171,TRETOCHECK 20,30,75
8904242400609,MISASOLE(OMEPRAZOL 20M),30,30
8904242400517,BONAZOL(esomeprazol)20MG,27,30
8904242400302,LOSAREN (LOSARTAN)50MG,60,20
8904242400272,ESOMEPRAZOL 20MG,55,22.5
8904242400272,ESOMEPRAZOL 20MG,30,22.5
8904242400272,ESOMEPRAZOL 20MG,30,22
8904180913735,MISULONA (PROGESTERONA)200MG,20,35
8904180911915,DAMICINIS ( LEVONE6ESTREL),56,15
8904180900667,"TAMSULOSINA 0,4MG",324,45
8904112521540,PREGABALINA 75MG,60,50
8904112521519,BONAPLASMIN (ACIDO TRANEXAMICO)50MG,4,50
8904112521458,PARIS 20MG (TADALAFILO),6,16
8904112521410,PARIS 5MG (TADALAFIO),53,98
8904112520963,BONACOXIB 90MG,12,63
8904112520956,BONACOXIB(etoricoxib 60m),14,56
8904112513439,CLINDACECK(clindamicina 300m),65,75
8904112512388,IBANCECK(preabalina),60,60
8904102205283,FLAVOXATO 200M6,20,45
8904102203609,CALSI MUJER ( Calcio + vitamina D3 Suplemento dietético),29,45
8902319029968,ADOLQUIR (Dexketoprofeno trometamol 25mg),2,35
8901117078291,6UVARIX - V ( LEVONE6ESTREL ),16,20
8901117078284,6UPILL (LEVONE6ESTREL ),16,20
8886451005724,PEDIASURE PLUS 1.6K6,1,165
8886451000996,PEDIASURE 900,2,95
8886451000989,PEDIASURE PLUS 400G,2,50
8850769021301,OMEFLEX (Sulfato de glucosamina c/n aceite de pescado,86,45
8850769021295,NAT-C,115,54
8850769020359,Normagut 250MG (sacchromyces boulardil),18,27
8850769014808,EDAD (Vitamina E Natural 400),115,45
8850769012996,ULTRA B(Suplemento nutricional con vitaminas B),111,60
8850769012187,GINSOMIN,43,60
8850769012187,GINSOMIN,200,60
8850769011982,NAT B (VITAMINAS B),12,60
8850769011975,LIVOLIN FORTE,49,60
8850769011975,LIVOLIN FORTE,60,60
8850769011975,LIVOLIN FORTE,65,60
8806718031938,T 6EL (Hidróxido de aluminio + hidróxido de magnesio + oxetacaina ),20,70
8806718022615,ORAMIN-F X,30,60
8806718022615,ORAMIN - F ,2,60
8806044013677,CLANZA (ACECLOFENACO 100MG),10,25
8710428020055,PEDIA SURE TRIPE SURE LIQUIDO VAINILLA,4,13
8710428007537,ENSURE ADVANCE CON HMB,2,95
817432015317,SPECTRUM FULL,15,60
817432015195,VITAMIN C 500MG,50,75
817432015133,OMEGA 3,90,89
7899026462557,NUTRISSE COLOR HIDRATANTE NEGRO 3.0,2,13
7899026462540,NUTRISSE COLOR HIDRATANTE NEGRO 2.0,2,13
7898909175508,CATETER ENDOVENOSA 22,11,3
7898909175423,CATETER ENDOVENOSA 16,2,3
7896226502489,BACTRIM (SULFAMETOXAZOL400MG+ TRIMETOPRIMA 80MG),19,30
7896226502403,BACTRIM FORTE 800MG+160MG,61,180
7896116866257,YASMIN ( DROSPIRENONA + ETINILESTRADIOL ),1,42
7896116865830,MICROYN RAEAS (LEVONORESTREL ETINILESTRADIOL),2,15
7896116865687,DIANE 35 ( CIPROTERONA - ETINILESTRADIOL ),63,33
7896070607620,DULCOLAX (Bisacodilo 5mg),26,150
7891721201417,NEUROBION 5000,120,210
7891010963712,"MYLANTA DOS (H MAGNESIO, H ALUMINIO,SIMETICONA)",1,26
788115379852,COLA6 LAB con cartílago de tiburón,1,80
7861073903550,CODIPRONT(CODEINA 30MG+FENILTOLOXAMINA10MG),28,55
7861001851434,PAÑAL PANOLINI delicare,1,11
7840653003460,"VINIL X0,1%(DICLOFENACO SODICO ANTIFLAMATORIO)",1,40
7840653000742,CLINOMIN,17,18
7840653000742,CLINOMIN,18,18
7803510773234,CIRUELAX TE,57,30
7803510003430,CIRUELAX NIÑO,86,100
7803510002549,CIRUELAX FORTE,85,150
7803504001176,PALTOMIEL INFANTIL 125ML,3,19
7803504001169,PALTOMIEL ADULTO,3,20
7800018188652,HIPOGLOS 20G,2,17
7800004032600,TAPSIN PLUS CALIENTE DIA,8,120
7800004032600,TAPSIN PLUS CALIENTE DIA,60,120
7800004005338,TAPSIN PLUS CALIENTE NOCHE,52,150
7800004001903,TAPSIN PLUS CALIENTE NOCHE,31,120
7800004001903,TAPSIN PLUS CALIENTE NOCHE,120,120
7795380043602,BACTRIM (SULFAMETOXAZO400MGL+TRIMETOPRIMA80MG),5,30
7795380043558,BACTRIM FORTE 800MG+160MG,3,30
7795380043541,BACTRIM ( SULAFAMETAZOL 200MG + TRIMETROPIMA 40/5ML),2,25
7795380043541,BACTRIM ( SULAFAMETAZOL 200MG + TRIMETROPIMA 40/5ML),2,25
7795380001800,TRIVISOL,2,25
7795345010601,ACI-TRIP (MA9ALDRATO 800M9 + SIMETICONA 60M9),2,30
7793640558736,"SUPRADYN PRONATAL (12 VITAMINAS, 7 MIERALES + OLO9UELEMENTOS )",60,47
7793640216353,CARDIOASPIRINA 100 EC,72,30
7790440699218,DAYAMINERAL,2,50
77702605152919,TERBINAFINA 250MG,13,49
7770108045045,SANIPEL C (CLOTRIMAZOL GENTA BETAMETASONA),3,12
7770108040316,NOVOXACIL 500M6 (CIPROFLOXACINO),62,150
7770101008221,MUXATIL 600,18,70
7770101003714,TONICO INTI,2,45
7759765000048,XILOCAINA ( LIDOCAINA CLORIDRATO ),3,15
7759604000635,HEPABIONTA,324,500
7759604000246,HEPABIONTA,7,75
7759604000147,NEUROBION,295,250
7759598007337,VITACOSE PLUS,1,20
7759598000208,ANEURIN 10000,2,25
7759508000427,LIZELBAMOX (amoxicilina 500mg+acido clavulanico125mg),14,125
7759405000384,DOLOFRENAR (PARACETAMOL500MG+IBUPROFENO150MG),92,150
7759405000315,SEBAXXBROM (AMOXICILINA 500MG+BROMHEXINA8MG),187,150
7759405000209,SILARINE F,68,150
7759405000148,NPBHOMYN (DIMEHIDRATO 50MG),157,200
7759405000100,D´ESSOMAXX 20 (ESOMEPRASOL 20MG ),56,28
7759405000056,TOTAL FLEXX 2%,2,15
7759405000049,DESI- D,10,15
7759307653442,MEJORAL 200TB(ACIDO ACETILSACILICO 500MG+CAFEINA 30MG),93,4
7759307556941,GASEOVET SABOR ANIS (SIMETICONA 80MG/ML),1,25
7759307443661,GRAVOL,1,60
7759307433396,GRAVOL (Dimenhidrinato 50Mg),12,350
7759307300186,ELECTRORAL ANIS  ADULTO,2,12
7759307225496,GASEOVET MS (Magaldrato 800Mg+Simeticona 40Mg),36,80
7759307207966,ELECTRORAL FRESA ADULTO,1,12
7759307207188,5ASEOVET 40,60,300
7759307183000,ELECTRORAL N.F ANIS (ADULTO),4,12
7759307174077,SAL DE ANDREWS (bicarbono de sodio 2.28 g+sulfato de magnesio 0.8825g),228,60
7759307147224,LEC4EDE MA6NESIA P4ILLIPS (CEREZA),7,8.5
7759307146524,LEC4EDE MA6NESIA P4ILLIPS (CLASICO),10,8.5
7759307078399,ISODINE (Yodo povidona 7.5%),3,35
7759307014717,EVAKUA(picosulfato de sodio7.5m6/ml),2,16
7759307014656,ANTI6RIP - T ( FELILEFRINA 10+ difenhidramina 25+ paracetamol 500 ),43,120
7759307013116,MEJORALITO INFANTIL(PARACETAMOL160MG/5ML),1,15
7759307010382,CARAMELOS MENTHOLATUM 3EN 1,112,90
7759307010061,CETAXEL IM  (CEFTRIAXONA 1G),3,23
7759307009898,COLIRIO EYE MO 0.05%,11,11
7759307009003,AB-MOKS (AMOXICILINA+AMBROXOL),2,20
7759307008952,EVAKUA PERLAS,54,60
7759307008846,MEJORALITO INFANTIL(PARACETAMOL100MG/ML),3,12
7759307008068,SOLUNA,3,20
7759307007368,"MED6YNOL ( levone9estrel 0,15 + etinilestradiol 0,03 )",56,15
7759307006705,LIMONADA PURGANTE EVAKUA,3,11
7759307006392,5RIPA-C JUNIOR ,93,100
7759307006385,RI5PA-C,85,150
7759307006286,4EPAFORT 2ML,3,60
7759307005838,5ASEVET.MS,2,25
7759307005548,SITIDERM NF,5,10
7759307005074,LEC4EDE MA6NESIA P4ILLIPS (KIDS NIÑO),12,8.5
7759307004947,LEC4EDE MA6NESIA P4ILLIPS (CIRUELA),10,8.5
7759307004374,AB-BRONCOL NF 1200,2,23
7759307003780,ELECTRORAL PEDIATRICO FRESA,6,12
7759307003254,ENDOVIT 5%,1,80
7759307002820,IDELLE (ESTRIOL0.5MG),9,45.5
7759307000017,SAL DE ANDRESWS TRIPLE ACCION,118,30
7759277000024,PANADOL efervescente adulto,87,48
7759050001866,TEST DE EMBARAZO TUTEST,12,20
7759050000166,DOLOCORDRALAN EXTRA FORTE,146,100
7759050000128,DONAFLAN FORTE (LOPERAMIDA 2M9),88,100
7758996000346,AZIBRAND (AZITROMICINA 200M6/5ML),1,25
7758920000053,ALUMBRE LUCERITO,46,1
7758920000046,ALUMBRE PARA EL SUSTO LUCERITO,0,1
7758713000031,PANADOL ADULTO,39,100
7758686000106,MA5NESOL EFERVESCENTE,99,32
7758686000021,MAGNESOL,6,49.5
7758112002094,"GINNA (NITRATO DE FENTICONAZOL 0,02G/G)",2,52
7758112001646,PERCOF (LEVODROPROPIZINA 30MG/5ML),2,22
7758112001486,TOBAN F (loperamida 2 Mg) ,67,100
7758112000502,ORFENADRINA CITRATO,56,100
7757519000078,AG-DERMAX CREMA (clotrimazol betametasona gentamicina),1,15
7757519000061,AG-DEXA (DEXAMETASONA 4MG),66,100
7757519000054,ZINALLERGY-10 ,44,100
7757310446334,DOLORAL (Ibuprofeno 100 mg/5 ml),2,15
7757310401197,DOLORAL (IBUPROFENO),3,14
7757310010542,PYRIDIUM-XFORTE 200MG,100,200
7757310005913,BRONCOPULMIN (DEXTROMETORFANO+GUAIFENESINA),4,25
7757310005753,UROPOL FORTE( ciprofloxacino 500mg-fenazopiridina clorhidrato 100mg),34,250
7757310004312,PVM ADULTO 1LITRO VANILIA,1,85
7757310003865,PVM JUNIOR FRESA,1,40
7757310003827,PVM ADULTO VAINILLA,3,45
7757310003810,PVM JUNIOR VANILIA,4,40
7757310001298,PALDOLOR (PARACETAMOL DE 500MG + DICLOFENACO 50MG ),97,300
7757310001298,PALDOLOR (PARACETAMOL DE 500MG + DICLOFENACO 50MG ),400,300
7757310001281,PYRIDIUM 100MG (FENAZOPIRIDINA ),43,200
7757181004145,DOLORLESS  (PARACETAMOL 500MG7 N-BUTIL BROMURO DE IOSCINA),95,0
7757181004022,DOLORLES 500 (PARACETAMOL 500MG),77,50
7757181003957,CELECOXIB 400M6,50,50
7757181003780,DOXICICLINA 100M6,83,50
7757181003766,6ASLESS MAX,95,50
7757181003339,AVALLERT (LORATADINA 5MG/5ML),3,16
7757181003186,6ASLESS FLAS,49,75
7757181002172,ACICLOVIR 400mg,90,100
7757181000604,PIROXICAM 20 mg,132,20
7757181000598,PARACETAMOL 500MG,250,15
7757181000369,FURAZOLIDONA 100M6,100,30
7757181000239,COMPLEJO B,300,60
7757181000239,COMPLEJO B,300,60
7757181000239,COMPLEJO B,300,60
7757093688198,MASCARA NEBULIZADORA ADULTO ASPECTICA MC,3,8
7757093688174,MASCARA NEBULIZADORA NEONATAL ASPECTICA MC,3,8
7757093622147,MASCARA NEBULIZADORA PEDRIATICO ASPECTICA MC,3,8
7757016000250,GLORANTA,48,75
7756969000317,JERINGA DESCARTABLE 1ML,93,50
7756969000263,JERINGA DESCARTABLE 5 ML,193,50
7756969000263,JERINGA DESCARTABLE ESTERIL,94,50
7756969000218,JERINGA DESCARTABLE 10 ML,2507,50
7756969000201,EQUIPO DE VENOCLISIS,8,3
7756969000058,GASA ABSORBENTE ESTERIL,20,20
7756523000043,GERIA PLUS,1,55
7756459000612,TUCOL (DEXMETROFANO BROMMIDRATO 10M9 + 9UAIFENESINA ),3,20
7756459000421,CHAO FEBREDOL ( PARACETAMOL 500MG),-10,50
7756133000051,NOTIL(CLOTRIMAZOL+GENTAMICINA+BETAMETASONA),5,16.5
7756054002097,"ENSURE ADVANCE HMB FC 1,4K6",2,0
7756050001872,ENFADROW PREMIUM PROMENTAL,1,80
7756050001209,ENFAMIL  con hierro (LACTANTES DE 6 A 12 MESES ),1,0
7756020000201,TAPSIN MIGRAÑA (paracetamol+acido aceltilsalicilico+cafeina),62,150
7755969001003,CINTA ADHESIVA QUIRURGICA,16,3
7755969000730,LLAVE DE PASO DE TRIPLE VIA SIN EXTENSION,5,3
7755969000716,SONDA FOLEY DE LATEX (18) ADULTO,1,8
7755969000686,SONDA FOLEY DE LATEX (12) ADULTO,3,8
7755969000570,CATETER ENDOVENOSA 24,10,3
7755860000990,MERFORMINA 850MG,600,25
7755860000785,FLEVRAL 1G/2ML (METAMIZOL SODICO),8,30
7755860000563,ULCETOM 50MG/2ML (RANITIDINA),4,30
775570000037,HISTALICIN  (CETIRIZINA10MG),193,0.5
7755570000099,J.TRIM BALSAMICO,15,18
7755570000075,J TRIM BALSAMICO,36,150
7755570000068,DOLIFEB (IBUPROFENO 100MG/5ML),1,12
7755570000044,UROCIPROX FORTE,108,200
7755570000037,ISTALICIN (Cetirizina 10m9),185,100
77551726,6LICOSORB O ACIDO POLILICOLICO 3/0,4,10
7754981000292,BACTRIM (SULFAMETOXAZOL+ TRIMETOPRIMA),3,27
77549778,6LICOSORB O ACIDO POLILICOLICO 2/0,1,10
77548900,NYLON AZUL 2/0,1,10
77547217,NYLON AZUL 6/0,2,10
77547149,NYLON AZUL4/0,1,10
77546630,SEDA NERA 3/0,4,10
7754662001334,KETOPROP4ARM-IV (KETOPROFENO 100M5/5ML),45,125
77546620008,HIERROMIN (HIERRO),9,20
77546357,NYLON AZUL 3/0,1,10
7754518000924,VENDITAS TOP MEDIC CURITAS,659,10
7754518000740,SACADOL (LEVONORESTREL),18,15
7754518000016,TEST 7,1,7
7754409000033,POSIDIN (Dicloxacilina 500m9),96,150
7754102000194,"DR. FLU (PARACETAMOL, MALEATO CLORFE,DEXTRO,FENILEFRINA)",35,150
7754102000194,"DR. FLU (PARACETAMOL, MALEATO CLORFE,DEXTRO,FENILEFRINA) ",100,200
7754102000187,FERROVITON,55,45
7753954002790,REDOXON TOTAL,7,45
7753954002783,ASPIRINA 100 (ACIDO ACETILSALICILICO),72,100
7753954001335,APRONAX( NAPROXENO SODICO 550MG),76,276
7753943001216,LOREXONA PLUS (betametasona+dexclorfeniramina),156,180
7753943001124,MUCOKILL (UAIFENESINA400M5),31,40
7753943001100,ZAYTAM COMPOSITUM ( DEXTROMETORFANO BROMIDRATO + 6UAIFENECINA +FENILEFRINA CLOIDRATO ),9,22
7753943001087,LYON´S (SILDENAFILO 100),138,5
7753943001063,PARACTAMOL 120/5ML,5,5
7753943001049,DIMENHIDRATO 50MG,264,100
7753943001032,CETIRIZINA DICLORHIDRATO 5MG/5ML,2,5
7753943000981,LOPERAMIDA CLORIDRATO 2M6,175,50
7753943000974,6ADILEX COMPOSITUM (ambrol15m6+clenbuterol0.010m6/5ml),4,20
7753943000905,MAXIS (KETEROLACO 10MG),41,100
7753943000905,MAXIS (KETEROLACO TROMETAMINA 10M6),200,100
7753943000875,DICONAXXDOL (NAPROXENO+PARACETAMOL),31,200
7753943000844,DICONAXX550(naproxeno 550),134,150
7753943000820,ANIRAX (NIFUROXAZIDA200+ATAPULGITA ACTIVADA 350),224,150
7753943000813,ARTRI6AN PLUS (meloxicam+paractamol),30,60
7753943000806,LUBEK (claritromicina 500mg),69,125
7753943000790,ARTRIGAN (meloxican15mg),130,100
7753943000783,ONICAX 750 (CIPROFLOXACINO 750MG),81,45
7753943000769,MAFLUX PEDIATRICO (SULFAMETOXAZOL TRIMETOPRIMA),12,15
7753943000745,MAFLUX BALSAMICO (SULFAMETOXAZOL TRIMETOPRIMA  5UAIFENESINA),112,180
7753943000738,EVOX (LEVOFLOXACINO 500MG)X,25,60
7753943000622,6RAVEX (dimenidrinato 50m6),79,35
7753943000615,LIZINALER (LEVOCETIRIZINA DICLORHIDRATO5MG),77,100
7753943000578,GRIPAFOR 4,115,200
7753943000509,LOREXONA (LORATADINA 10MG+DEXAMETASONA),137,375
7753943000462,TRIMAX (AZITROMICINA 500M6),79,150
7753943000431,ARGOL(SUBSALICITO DE BISMUTOL),6,16
7753943000301,VALMETAF (SIMETICONA 100MG/ML),12,10
7753943000141,MAFLUX BALSAMICO (SULFAMETOXAZOL TRIMETOPRIMA  5UAIFENESINA),18,20
7753943000127,METRADOL( IBUPROFENO 100MG/5ML),25,10
7753943000035,ZAYTAM (DEXTROMETORFANO GUAIFESINA CLOROFENAMINA),8,20
7753943000028,6ADILEX (AMBROXOL + CLENBUTEROL CLORIDRATO ),5,20
7753820002244,AMOXICILINA 500MG,173,50
7753820000684,ACICLAV (AMOXICILINA+ ACIDO CLAVU),21,35
7753803000656,LIVLODAN (LIDOCAINA 2%),6,15
7753748001015,ALICAN FORTE (Paracetamol 500mg),69,100
7753748000520,AZO BACCIDAL(CIPROFLOXACINO 500M6+FENAZOPIRIDINA 100M6),500,250
7753748000469,PARDIL (NITAZOXANIDA 100MG),1,20
7753748000407,MIOPRESS FORTE,419,200
7753748000162,DOLO NEUROPRESS FORTE(diclo+tiamina+piridoxina+cianocobalamina),115,150
7753748000094,NAPROCOP (naproxeno 275m6+ paracetamol 300m6),498,300
7753748000087,PARDIL (NITAZOXANIDA 500MG),7,35
7753737000050,VELOR (LEVONORESTREL 1.5M6),20,18
7753736001010,METFORMINA CLORIDRATO 850M6,170,30
7753736000457,ATORVASTATINA 40MG,80,100
7753736000266,FOLTA 1 % ( DICLOFENACO 9EL),2,8
7753709000415,LINCOVAS(LINCOMICINA 600M6/2ML),1,5
7753709000392,AMIKANEN (AMIKACINA 1G/4ML),5,18
7753709000279,KETANEN (KETOROLACO TROMETAMINA 60MG/2ML),12,87.5
7753658003277,ACELTILCISTEINA 600mg,84,125
7753658002805,DESLORATADINA 5M6,95,3.5
7753658002768,MUCOASMAT (Acetilcisteina 200m9 ),71,90
7753658001822,"DON GRIPPA (PARACETAMOL.FENILEFRINA,CLORFENAMINA)",81,150
7753658001747,LEVOFLOXACINO 500mg,59,100
7753658001167,DEXAMETASONA 0.50mg,200,50
7753658001167,DEXAMETASONA 4mg,19,50
7753658001082,"SINFLEMAX COMPUESTO (Ambroxol clorhidrato 15m9 /5ml + clenbutero clorhidrato 0,1 m9 / 5ml )",2,25
7753658000436,DOLO EXTRA FUERTE (DICLOFENACO 50M+´PARACETAMOL500M),1100,200
7753658000368,ARTICOX (Celocoxib200m9),70,150
7753658000078,DOLITO (IBUPROFENO 100M9/5ML ),5,15
7753540000247,SOLOMOXY 500M6,100,50
7753540000148,ACTIVA21,6,10
7753464000583,BICARBONATO DE SODIO FCO 100G,27,5
7753464000576,BICARBONATO DE SODIO FCO 50G,21,3
7753464000248,AGUA OXIGENADA  10 VOLUMENES,15,1.5
7753172000783,PARASITROL (ALBENDAZOL 100M6/5ML),3,18
7753172000141,MEDITRIM BALSAMICO,2,18
7752735000284,FEMYNASS (NAPROXENO SODICO 275MG),93,100
7752655000142,BABY TEST JUNIOR,1,5
77525468,NYLON AZUL 5/0,2,10
7752382000019,COLECTOR PARA FLUIDOS BIOLOGICOS,6,1.5
7752343000010,"GENTAMICINA 0,3% ",3,6
7752301000717,MIODEL RELAX NF (PARACETAMOL 450M+ORFENADRINA 35M),191,200
7752301000342,DEXALOR (loratadina 10mg+dexametasona2mg),108,250
7752301000311,MIODEL Relax (paracetamol+diclofenaco+orfenadrina),34,250
7752301000243,CLINDA C (Clindamicina 300mg),41,150
7752301000205,ENDDOL (paracetamol500mg+diclofenaco50mg),181,300
7752285034272,PONDS ACLARANTE B3,3,20
7752011106051,BIO MEMOCER B12,3,40
775201108380,COLAGENO HIDROLIZADO,3,40
7751946002896,AEROLISIN (simeticona),2,10
7751946002728,AEROLISIN (SIMETICONA 80),2,10
7751946000878,COMPLEJO B FORTE,163,160
7751946000779,CARBOCALCIO,330,30
7751940000782,Moviflex (Indometacina 1 %),1,45
7751940000287,HIRUDOID,5,18
7751859000354,NONPIRON (IBUPROFENO 100M9),27,13
7751859000064,ELITON NF,6,27
7751859000040,ELITON FORTE,5,28
7751859000033,ELITON CIP AF,8,27
7751495001203,NAZTIZOL COMPOSITUM FORTE,15,1.8
7751495000886,NASTIZOL COMPUSITUM JUNIOR ANTIGRIPAL,67,150
7751495000855,DIOXAFLEX PLUS (ANAL9ESICO MIORELAJANTE),1,305
7751495000671,DIOXAFLEX CB PLUS,118,480
7751495000428,5ISALER (CETIRIZINA 10M5),74,120
7751299002246,ROD-B,16,60
7751299001850,DOLMACAF 1g (paracetamol),21,150
7751299001645,CAFAZOLBAC,15,25
775125790037,NODIAL,2,7
7751257785693,DIMENHIDRATO 50MG,218,50
7751257384360,FERANIN FORTE 50MG,3,34
7751257023474,REPRIMAN ( METAMIZOL 500M9/ML),9,12
7751257023160,PAÑITOS HUMEDOS X140unid,2,16
7751257022392,CREMA REGENERADORA PARA BB NINET,3,10
7751257022224,PAÑAL NINET RN,4,12
7751257021579,REPRIMAN ( METAMIZOL 500M9/ML),6,12
7751257021562,REPRIMAN (METAMIZOL SODICO 250MG/5ML),12,13
7751257021562,REPRIMAN (metamizol sodico monohidrato 400mg/ml),5,13
7751257021555,REPRIMAN (metamizol sodico monohidrato 500mg),148,50
7751257021371,PAÑAL NINET XXL,7,44
7751257017848,PAÑAL NINET XL,8,45
7751257017800,PAÑAL NINET L,8,45
7751257017763,PAÑAL NINET M,6,45
7751257017725,PAÑAL NINET S,4,35
7751257014601,HONGOCID,2,15
7751257014175,ANTIGRIPINA PLUS,66,1.5
7751257004190,COLUQUIM (NITAZOXANIDA 500MG),12,33
7751229000014,APROFORTE (NAPROXENO SODICO 550MG),204,150
7751207965410,LIMONADA PURGANTE MARKOS,11,12
7751207002092,UROBAC FORTE,98,250
7751207001842,CEFTREX (CEFTRIAXONA 1G),2,25
7751207001743,AMIGDAZOL NF,36,120
7751207001712,DEXABRON,96,150
7751207001613,UROTAN-D (DICLOFENACO+ FENAZZOPIRIDINA),55,200
7751128002553,METAMIZOL 16/2ML,24,150
7751128001396,SALBUTAMOL 100MCG/DOSIS,2,13
7751128001341,ACIDO ACETILSALICILICO 100M6,180,12
7751128001037,CLOROFENAMINA 10MG/1ML,106,300
7751100822513,FLA6IDAZOL ( Metronidazol 500m9),98,150
7751100117367,RADSKIL B ( CLOTRIMAZOL + 9ENTAMICINA + BETAMETASONA),2,13
7751074000016,COLON CLEAN HEMORROIDES,2,38
7750949000373,MEGACILINA,5,28
7750942553883,IDROCLOROTIAZIDA 50M6,186,70
7750942530020,FUROSEMIDA 40MG,91,50
7750942008925,"CLOBETASOL 0,05%",4,6
7750942008611,TOSALBRON NF ADULTO (OXOLAMINA CITRATO 50M6/5ML),3,19.5
7750942008154,DICLOFENACO 50MG,38,50
7750942007676,MUPIBIOT 2% (MUPRIROCINA),3,25
7750942006518,DINAPEN (Dicloxacilina 500m9),51,150
7750942003449,CEFALEXINA 250MG/5ML,5,6
7750942003371,FLATUZYM,87,150
7750942002251,TOSALBRON INFANTIL(oxolamina),2,20
7750942002244,BIOBRONCOL (cefalexina 500mg+Ambroxol 30mg),135,125
7750942002145,BRIMODIN (ACETILCISTEINA 600MG),240,60
7750942001995,BRIMODIN (ACETILCISTEINA 200MG),28,75
7750942001667,BIPERIDENO 2M6,100,35
7750942001582,"GASTRORAL (MALGALDRATO,SIMETICONA)",3,20
7750942001568,DOLOL(Paracetamol 160M9/5ML),3,8
7750942001551,DOLOL(Paracetamol 100M9/ML),3,10
7750942001452,ACIDO FOLICO 0.5M6,90,4.5
7750942000936,IDROCLOROTIAZIDA 25M6,210,20
7750942000806,6INITYL (OVULO policresuleno 90 m9),6,66
7750942000677,BIOBRONCOL (cefalexina 250mg+Ambroxol 15mg)/5ML,3,25
7750936550270,BETAMETASONA 0.05%,7,5
7750936010163,"LEVONORGESTREL 0,75mg",2,100
7750936009044,BRONCO-LEXIN (CEFALEXINA500M6+AMBROXOL30M6),40,80
7750936007200,DEFLAZACORT 30M6,30,28
7750936005244,LOSARTAN 50MG,170,25
7750936004551,ATORVASTINA 20M6,178,25
7750929001772,TRAMADOL 50MG,89,150
7750929001659,CARBAMAZEPINA 200MG,80,75
7750929000621,ACICLOVIR 200mg,17,50
7750908071765,STEVIA,3,20
7750903022434,COLAGENO MEDYCOLAGEN con cartilago de tiburon,2,90
7750903021321,COLAGENO MEDYCOLAGEN con cartilago de tiburon,6,70
7750903021215,COLAGENO MEDYCOLAGEN con cartilago de tiburon,1,55
77508931019919,BISMUTOL,132,160
7750877000605,INKABIOTIC ( CLINDAMICINA ),39,150
7750877000605,INKABIOTIC ( CLINDAMICINA ),39,150
7750831212341,SILDENAFILO 100mg,44,4
7750831019926,"BISMUTOL 87,33MG/5ML",3,19
7750831019919,BISMUTOL (SUBSALICILATO DE BISMUTO 262 M9),149,320
7750831019858,GINGISONA B 3mg sobres,130,228
7750831019841,LOSARTAN 50MG,240,12
7750831019841,LOSARTAN 50MG,600,12
7750831019148,CLORO ALERGAN( CLOROFENAMINA MALEATO2MG/5ML),7,25
7750831019018,CLORO ALERGAN (CLORFENAMINA MALEATO 1MG/ML),3,25
7750831018950,DOLO TRINEURAL-R(orfenadrina 60mg/2ml),3,13
7750831018943,ESPASMO ANTALGINA(metamizol sodico+n-butil bromuro de hioscina),4,0
7750831018929,ANTALGINA (METAMIZOL SODICO500),98,50
7750831018028,ANTALGINA 400 (METAMIZOL SODICO),1,11
7750831017946,5INEDAZOL(TINIDAZOL150M+MICONAZOL100M),55,500
7750831017939,WELTON,8,25
7750831017922,RHINO BB,9,11
7750831017878,ANTALGINA 250mg/5ml,3,13
7750831017748,GINGISONA L NF  TOQUES,1,16
7750831017625,ACI BASIC (MAGALDRATO + SIMETICONA),4,25
7750831017533,"9IN9ISONA B (BENCIDAMINA CLORIDRATO 0,30%",1,32
7750831017465,NASTIFLU ANTIGRIPAL,56,240
7750831017458,KITADOL MIGRAÑA,181,160
7750831002683,VITAMINA E 400U.I,60,30
7750787000108,VENDAS ELASTICAS (GALENO),5,5
7750787000092,VENDAS ELASTICAS (GALENO),10,4
7750787000085,VENDAS ELASTICAS (GALENO),10,3
7750787000078,VENDAS ELASTICAS (GALENO),10,2
7750787000023,VENDAS ELASTICAS (GALENO),5,4.5
7750787000016,VENDAS ELASTICAS (GALENO),10,4
7750778592292,"HUMED (Hipromelosa 0,3%) Lagrimas Artificiales",2,15
7750778000575,DICLOPTIC (DICLOFENACO 0.1%),1,40
7750778000353,"LANCIPROX-DX (CIPROFLOXACINO 0,3%+DEXAMETASONA0.1)",1,43
7750778000278,OTIDOL,2,15
7750778000247,FLORIL (NAFAZOLINA CLORHIDRATO 0.03%),2,11
7750778000094,"TERRAMIZOL-A(OXITETRACICLINA0,5G+POLIMIXINA B 1000000 UI)",4,14
7750778000032,FRAMIDEX N.F,9,11
7750675476695,ALERDIF(CETIRIZINA ),41,100
7750625867610,ENTEROPHAR FORTE,26,90
7750625385237,CLORFENAMINA MALEATO,49,72
7750625385220,DIMENS (LORATADINA5MG/5ML),46,60
7750625000437,DESCONEST NF,47,72
7750625000345,DEXAVET (DEXAMETASONA 2ML/5ML),30,72
7750625000277,CORTIDIEP4AR (PREDNISON 5M/5ML),60,90
7750625000253,BRONCOPHAR PLUS,282,72
7750625000185,MAFIDOL (PARACETAMOL 120M6/5ML),19,72
7750625000178,IBUPIROL (IBUPROFENO 100M6/5ML),45,72
7750625000062,BRONCOBUTOL PLUS,229,72
77505777000349,CLORFENAMINA MALEATO 10mg/ml,9,75
7750577002169,IDROXOCOBALAMINA 1M /ML,16,75
7750577000325,DEXAMETASONA 4mg/2ml,59,75
77505682,AMOXICILINA 125M6/5ML,1,5
77505330,Amoxicilina 250mg/5ml 60ml,2,5
7750518001138,PACK PROMOCION PARACAS DE 4,-9,9
7750518001114,PH PARACAS DE 4,27,33
7750500001269,AMPICILINA 1g,4,30
7750500001221,CEFTRIAXONA 1g,20,50
7750500000910,KETEROLACO DE 30mg/1ml,38,75
7750500000880,KETEROLACO DE 60mg/2ml,13,87.5
7750500000545,ORFENADRINA CITRATO 60mg/2ml,26,200
7750500000378,DIMENHIDRINATO 50MG/5ML,7,100
7750465007726,DICLOFENACO 100MG,17,100
7750465006873,NAPROXENO DE 550mg,15,50
7750307066324,frutti flex 50 adulto,3,11
7750307066300,FRUTTI FLEX,2,11
7750307000908,FRUTTI PED,2,9
7750304987196,"LACTULOSA 3,336/5ML",2,17
7750304987189,"LACTULOSA 3,336/5M",3,11
7750304964715,AMBROXOL 30MG/5ML,12,8
7750304806602,ENALAPRIL 10MG,140,12
7750304801034,DIBROLAX LAXANTE,39,150
7750304641593,AMOXICILINA 500MG,286,50
7750304253789,SILDENAFILO50MG,21,10
7750304155823,COMPLEJO B,115,60
7750304142014,NAPROXENO SODICO 550mg,213,50
7750304132312,Albendazol 100mg x5ML,5,6
7750304106139,CAPTOPRIL 25M6,395,10
7750304056779,DENCORUB 100MG,3,33
7750304052221,GLIBENCLAMIDA 5MG,240,12
7750304011075,CEFUROXIMA 500M6,29,70
7750304011037,"ALPRAZOLAM 0,5MG",67,20
7750304010870,CEREGEN VIT 10+,4,40
7750304010863,CEREGEN VIT 10+,1,50
7750304010801,AZITROMICINA 500mg,53,10
7750304010320,CEFACLOR 500MG,10,30
7750304010313,CEFADROXILO 500M6,94,150
7750304009904,MULTI BIOTICOS,50,200
7750304009676,KETOPROFENO 10MG,129,50
7750304009560,ASSA 81MG (acido acetilsalicilico),30,35
7750304009447,VITATHON NF (vitaminas),84,150
7750304008570,FRUTENZIMA,118,180
7750304007580,FLUIDASA (ACETILCISTEINA 600MG),40,90
7750304007238,CLINDAMICINA 300M6,76,100
7750304007115,ACICLOVIR 5%,7,3
7750304006910,ACICLOVIR 800M6,18,20
7750304006880,EMORRODIL,3,35
7750304006743,SUGAFOR (PASTILLA ANTICOLERICA),100,75
7750304006743,SUGAFOR (PASTILLA ANTICOLERICA),1200,75
7750304006736,SUGAFOR (PASTILLA ANTICOLERICA),440,75
7750304006323,DEXAMETASONA 4M6/1ML,183,200
7750304006286,CINARIZINA 75MG,199,30
7750304006279,FUROSEMIDA 40M6,43,20
7750304005920,FLUCONAZOL 150M6,40,2
7750304005708,OMEPRAZOL20MG,454,34
7750304005623,CETIRIZINA 10M6,133,25
7750304005593,LORATADINA 10MG,140,25
7750304005548,"CLONAZEPAM 0,5MG",28,25
7750304005517,MELOXICAM 15MG,125,50
7750304005357,CLARITROMICINA 500M6,88,150
7750304005333,CEFALEXINA 500M6,44,100
7750304005005,SULFAMETOXAZOL+TRIMETOPRIMA,50,50
7750304004848,ISOCONAZOL 1%,6,10
7750304004701,METOCLOPRAMIDA 10M6,100,25
7750304004596,MAGALDRAX (magaldrato+simeticona),1,35
7750304004473,Amoxicilina 250mg/5ml 60ml,3,5
7750304003629,CLUVAX,3,15
7750304003568,CETIRIZINA 5MG/5ML,3,5
7750304002844,KETOPROFENO 100M6,67,30
7750304002653,FENAZOPIRIDINA 100M6,108,30
7750304002615,LOSARTAN 50MG,120,15
7750304002349,ORFENADRINA CITRATO 100M6,100,100
7750304002318,CLONAZEPAM 2MG,100,30
7750304002295,VITA CALCIO PLUS,2,19
7750304002073,DENCORUB GEL,2,18
7750304001359,6EMFIBROZILO 600 M6,60,13.5
7750304001168,DICLOFENACO 1%,10,6
7750304001106,METRONIDAZOL 500MG,90,9
7750304000215,SIMETICONA 80MG/ML,4,6
7750304000208,SIMETICONA 80MG,21,30
7750304000208,SIMETICONA 80MG,21,30
7750304000192,SIMETICONA 40MG,90,30
7750304000154,ALOPURINOL 100M,30,5
7750304000093,"CLOBETASOL 0,05%",6,6
7750304000086,"CLOBETAZOL 0,05%",5,6
7750304000031,"BETAMETASONA 0,05%",6,5
7750288000676,DORITA 28 ,6,10
7750288000300,DOLOKID´S (IBUPROFENO 100M9),3,12
7750288000171,GYNOMAX (MICONAZOL+TINIDAZOL),19,65
7750281388214,ROXTRIM FORTE,7,15
7750281074483,MUCOTRIM DILAT (AMBROXOL+CLENBUTEROL),8,17
7750281067737,ROXTRIM PEDIATRIC,6,15
7750281002011,VOMIXTAL (DIMENHIDRINATO 50MG),78,150
7750281001793,IVERMECTINA 6mg/10ml,3,15
7750281000499,VICLORAX(DOXICICLINA 100MG),100,100
7750254001249,SILUETA PLUS (Vitamina para el cabello),4,42
7750218009687,BABYLAC 3 PRO,2,63
7750218008932,VITAL VITAMINADO,1,7900
7750215998441,PORTIL (CLOTRIMAZOL GENTAMICINA DEXAMETASONA),12,5
7750215962480,CLINDAMICINA 300MG,70,50
7750215796634,Albendazol 100mg/5m,2,4
7750215796573,METRONIDAZOL250MG/5ML,5,5
7750215796535,METRONIDAZOL 125M6/5ML,2,5
7750215728321,COMPLEJO Bx120ml,3,5
7750215728260,CLORFENAMINA MALEATO 2MG/5ML,6,4
7750215728260,CLORFENAMINA MALEATO 2mg/5ml,2,4
7750215728260,CLORFENAMINA MALEATO 2mg/5ml,1,4
7750215728246,CLORFENAMINA MALEATO 2mg/5ml,6,6
7750215728222,IBUPROFENO 100MG/5ML,20,5
7750215635049,QUITA ESMALTE LIMON,13,3
7750215604267,BICARBONATO DE SODIO FCO 100G,12,6
7750215575819,PARACTAMOL 120/5ML 120ML,7,8
7750215496909,IBUPROFENO 400MG,50,12
7750215496855,CIPROFLOXACINO 500MG,100,50
7750215439012,COMPLEJO B 180,6,7
7750215432969,TETRACICLINA 500M6,98,50
7750215397473,ERITROMICINA ETLSUCCINATO,3,8
7750215364598,SULFAMETOXAZOL+TRIMETOPRIMA +GUAIFENESINA 200MG/40MG/50MG/5ML,4,5
7750215362754,SULFAMETOXAZOL+TRIMETOPRIMA 200MG/40MG/5ML,31,6
7750215332665,ERITROMICINA ESTEARATO 500 M6,82,150
7750215332641,METRONIDAZOL 500MG,32,50
7750215331354,CLORANFENICOL 500MG,94,75
7750215136249,clotrimazol1%,8,3
7750215136225,CLOTRIMAZOL 1%,9,3
7750215121573,PARACETAMOL 120M6/5ML,10,5
7750215074305,DEXTROMETORFANO 15MG/5ML,10,7
7750215074299,PARACETAMOL 100MG/10ML,14,3
7750215028421,NAPROXENO SODICO 550M6,200,50
7750215027035,PANTOPRAZOL 40M6,30,45
7750215027004,AMBROXOL pediátrico 15M9 /5ML,10,6
7750215026236,LEVOFLOXACINO 500 M6,57,100
7750215026168,IVERMECTINA 6mg/ml,2,10
7750215022542,FLUIMEXINA 600 (ACETILCISTEINA600MG),12,90
7750215022498,TANACTRIM 750 M9 (Levofloxacino ),4,31.5
7750215022467,AMBROXOL 30M9 / 5ML,3,6
7750215017562,AZITROMICINA 200M6/5ML (15ML),5,10
7750215016718,AMOXICILINA500MG+ACIDO CLAVULANICO 125MG,0,25
7750215015339,AZITROMICINA 500mg,84,150
7750215011331,AMOXICILINA 500M6+ BROMEXINA8M6,98,100
7750215010969,WELLPORT,1,20
7750215010969,WELLPORT,2,20
7750215010310,MELOXICAM 15MG,136,50
7750215009628,IBUPROFENO 800MG,1,100
7750215009147,DOXICICLINA 100MG,318,100
7750215008850,TERBINAFINA 1%,6,7
7750215008737,IRBESARTAN 150MG,40,37.5
7750215008652,"LACTULOSA 3,336/5ML",3,12
7750215007839,METFORMINA CLORIDRATO 850M6,300,30
7750215007839,METFORMINA CLORHIDRATO 850MG,75,30
7750215007822,AMLODIPINO 10MG,100,25
7750215007815,AMOLODIPINO 5MG,90,20
7750215007808,AMOXICILINA+AMBROXOL CLORHIDRATO 500MG+30MG,48,100
7750215007198,NORFLOXACINO +FENAZOPIRIDINA,100,150
7750215007198,NORFLOXACINO +FENAZOPIRIDINA 400MG+100MG,40,150
7750215007167,CLARITROMICINA  250 M6/5ML,3,18
7750215005866,DIMENHIDRATO 50MG,88,50
7750215005866,DIMENHIDRATO 50MG,100,50
7750215005767,AMPICILINA 50M6,13,50
7750215005705,PREDNISONA 50 M6,91,45
7750215005699,PREDNISONA 20MG,99,25
7750215005682,ATORVASTATINA 20MG,100,50
7750215005682,ATORVASTATINA 20MG,100,50
7750215005675,DICLOFENACO 1%,6,5
7750215005620,ATORVASTATINA 10M6,58,20
7750215004722,DICLOXACILINA 500MG,31,50
7750215004609,AMOXICILINA 500MG,29,50
7750215004531,HIDROXIDO DE ALUMINIO + HIDROXIDO DE MAGNESIO,4,7
7750215003770,prednisona 5mgl,96,20
7750215003749,ENALAPRIL 10 M6,280,15
7750215002711,TIAMINA 100MG,121,30
7750215002698,6EMFIBROZILO 600 M6,200,40
7750215002629,LORATADINA 10MG,1090,25
7750215002384,CETIRIZINA  10MG,121,12
7750215002285,METAMIZOLSODICO 500M/ML,4,5
7750215001868,KETOROLACO 10MG,96,50
7750215001837,SILDENAFILO 100M6,22,8
7750215001820,DIAZEPAM 10MG,30,15
7750215001806,METRONIDAZOL 500MG X,41,20
7750215001721,CLORFENAMINA MALEATO 4M6 ,1170,13
7750215001547,BETAPLUSS 0.05%,6,5
7750215000656,DOLODRAM EXTRA FORTE (diclofenaco 50m6+paracetamol 50m6),67,150
7750215000649,KETOCONAZOL 200 M6,44,35
7750215000632,CAPTOPRIL 25MG,160,10
7750215000571,DEXAMETASONA 0.50mg,137,15
7750215000564,SULFATO FERROSO 300M6,72,0
7750215000502,RANITIDINA 300MG,521,50
7750045232487,TUINIES PREMIUN (Hipoalérgicas sin Perfume),6,8
7750045228145,ESCOBILLA (para limpiar biberones y  tetinas),2,18
7750045228121,ASPIRADOR NASAL,3,17
7750045221306,TETINA  SILICONA SUPER TETINA PREMIUM,5,5
7750045221207,TETINA  SILICONA SUPER TETINA,5,4.5
7750045221108,TETINA SILICONA ORTODONTICA ,5,4.5
7750045221047,TETINA #4 SILICONA,10,4
7750045221030,TETINA #3 SILICONA,10,3.5
7750045221023,TETINA #2 SILICONA,10,3.5
7750045221016,TETINA #1 SILICONA,10,3.5
7750045220309,TOALLITAS HUMEDAS HIPOALERGICAS TUINIES,9,7
7750045220002,HISOPO(TUINIES) 50 UNID X 20 UNI DISPL,40,20
7750045140607,VENDITAS Family Doctor,220,11
77500397,SULFATO FERROSO 75M6/5ML,3,8
7750000053904,VITAL VITAMINADO NIÑOS,1,80
7730698004532,PLIDAN COMPUESTO NF,106,150
7707236127954,METOCLOPRAMIDA 10M6,100,200
7707236127572,LINCOMICINA 600M6,10,50
7707236127381,RANITIDINA 50M6 IV IM,10,30
7707236126322,6ENTAMICINA 160M6,15,30
7707236124571,TRAMADOL 100mg/2ml,20,50
7707236123505,BENZATINA BENCILPENICILINA 1200,10,50
7707236122287,CLINDAMICINA 600mg/4ml,5,40
7707221290519,SONDA PARA SUCCION CON CONTROL DE FLUJO (18),1,6
7707221290502,SONDA PARA SUCCION CON CONTROL DE FLUJO (16),1,6
7707221290496,SONDA PARA SUCCION CON CONTROL DE FLUJO (14),1,6
7707221290489,SONDA PARA SUCCION CON CONTROL DE FLUJO (12),1,6
7707221290472,SONDA PARA SUCCION CON CONTROL DE FLUJO (10),1,6
7707221290465,SONDA PARA SUCCION CON CONTROL DE FLUJO,1,6
7705959882679,KIDS NIÑOS PARACETAMOL,4,8
7705959882662,KIDS PARACETAMOL 0 A 10 AÑOS,3,6
7705959882327,ESOMEPRAZOL 40M6,40,15
7705959882310,ESOMEPRAZOL 20MG,8,15
7705959881337,DESLORATADINA 2.5 M6 / 5mL,1,20
7705959881337,DESLORATADINA 2.5MG/5ML,3,20
7703454120692,KIDCAL ZINC,3,40
7703445210012,"FLUTOX ( CLOPERASTINA FENDIZOATO 17,7 M9 / 5ML",2,35
7703202009231,BUSCAPINA COMPOSITUM N (HIOSCINA +PARACETAMOL),68,150
7703202009200,MUCOSOLVAN (AMBRROXOL )ADULTO,2,25
7703202009194,MUCOSOLVAN (AMBRROXOL ) PEDIATRICO,2,27
7703202009187,MUCOSOLVAN (AMBRROXOL ),1,23
7703153029913,FORT ZINK (SULFATO DE ZINC),2,37
7703153025571,"ISBELA (ciproteroa acetato 2m6+etinilestradol 0,035m6)",3,40
7702870011386,TIBEX 1.5MG (LEVONORGESTREL),8,18
7702870002636,NOFERTYL (enantato de noretisterona 50mg+valerato de estradiol5mg),6,23
770265151325,KETOPROFENO 100MG/2ML,4,21
770265150786,DICLOFENACO 100MG,40,20
7702605154036,BETAMETASONA 4M6/ML,9,150
7702605153909,ET0RICOXIB 60 M6,28,49
7702605152346,YODOPOVIDONA 10%,2,8.5
7702605151943,SULFADIAZINA DE PLATA 1%,3,15
7702605151660,PARACETAMOL 500MG,1180,10
7702605151301,KETOPROFENO 100MG,30,30
7702605151301,KETOPROFENO 100MG,30,30
7702605151196,IBUPROFENO 400MG,920,15
7702605150762,DICLOFENACO 1%,3,7
7702605150755,DICLOFENACO 50M6,53,15
7702605150489,CEFADROXILO 250MG/5ML,4,13
7702425802148,PAÑAL HUGGIES RN,0,12
7702134335548,PONSTAN naproxeno sodico 220mg,58,110
7702123008460,BEPANTHEN BABY CREMA PR,1,30
7702045555813,OXIGENTA IGORA 9%,6,5
7702035800800,DOLOFLAM ( IBUPROFENO 400 M9),95,150
7702006300094,EGO BLACK,2,5
7702006299817,EGO EXTREME MAX,1,5.5
7702006298940,EGO ATTRACTION,1,6
7613287384003,ANCHOR,2,45
7613032422516,NIDO 5+ 1600G,2,65
7591044402224,FLAGYL 500MG metronidazol,20,30
7502253073471,PROMIL GOLD 2 0-6MSES,1,40
7502253073471,PROMIL GOLD 2 0-6MSES,1,40
7502253073457,S-26 GOLD,3,42
7502253073389,PROMIL GOLD 2 0-6MSES,1,76
750215007563,TINICONAZOL,10,35
7501438301675,MOCO DE GORILA,25,36
7501303494396,MESI6INA instayect,3,30
7501298223476,DOLONEUROBION FORTE,6,135
7501298223452,DEXA -NEUROBION,7,114
7501298222813,NEUROBION 10000,15,35
7501298222431,DOLONEUROBION FORTE,104,600
7501298222431,DOLONEUROBION FORTE,400,600
7501124182380,DESPAMEN,3,45
7501124181789,MENSILLE,11,18
7501065054463,SCOTT (Complemento dietético Vitamina A y DZ,1,35
7501059240445,NAN 1 9006,2,109
7501059232884,NAN OPTIPRO 3,1,65
7501058635334,NAN CRECIMIENTO 3,1,65
7501033961199,PEDIALYTE MAX 60MEQ UVA,7,8
7501033961182,PEDIALYTE MAX 60MEQ MANZANA,6,8
7501033961168,PEDIALYTE MANZANA 30MEQ,10,6
7501033961151,PEDIALYTE CEREZA 30MEQ,2,6
7501001246730,VAPORUB,24,42
7500435177443,PRIMERA DEFENSA,5,25
7500435173667,HEPABIONTA FORTE,143,300
7500435145732,VICK 44,15,22
7500435120067,CLEARBLUE PLUS,3,20
7500435107006,VITAPYRENA FORTE,50,140
7500435107006,VITAPYRENA FORTE,100,140
7451079003509,PANADOL ANTIGRIPAL S/D,320,130
7451079003486,PANADOL AZUL(PARACETAMOL500M5),58,108
7451079003479,PANADOL NIÑO,177,100
7451079003424,PANADOL ANTIGRIPAL NF,22,127.5
7451079003424,PANADOL ANTIGRIPAL,50,135
7451079003387,PANADOL FORTE,84,65
7441026001283,PANADOL BB de 1a24meses,2,18.5
7441026001276,PANADOL (PARACETAMOL 160MG/5ML),2,18
734191244034,BIOBELLA,2,0
6910021007206,CEPILLO COLGATE PREMIER CLEAN,14,3
6910021007206,CEPILLO COLGATE PREMIER CLEAN,14,3
6909753789740,TE TIANSHI,21,100
650240036378,TUKOL MIEL,3,25
650240031823,TUKOL-D (GUAIFENESINA100MG+DEXTROMETORFANO5MG),3,25
650240027543,LOMECAN V (CLOTRIMAZOL 2%),4,40
650240003974,CICATRICURE 30G (GEL CICATRICES Y ESTRIA),1,40
650240001314,NIKZON,88,135
5997001365335,RIGEVIDON 21+7,4,10
5391523056571,SIMILAC KIDS,3,75
5391523056540,SIMILAC 2,2,54
5391523056526,SIMILAC 1,2,54
4022679134653,VITAMINA C 1000MG+ZINC 10MG.020,7,17
4022679125743,VIVACTV MAGNESIO +ZINC,4,17
3858882101318,HEMOPROPIN,1,33
3583315558079,FLORATIL,10,40
3582913026683,ENTEROGERMINA,37,50
2047239702900,MOXTINA (AMOXICILINA 500MG),98,1.5
116003,COLECTOR DE ORINA TAPA ROSCA NO ESTERIL,12,1
07757181003841,VIVAREX MIGRAÑA,69,200
070074125008,PULMOCARE,2,20
06022,GASA ESTERIL 7.5 X 7.5 X 5UNID,50,50
0124968420721670172504301020E0902J,JERINGAS DE PLASTICO DESECHABLES DE 3 ML,0,50
,PLIMADOL COMPUESTO ( Pre9everina clorhidrato+ clo ixinato de lisina ),91,150
,LIDOCIANA 2% 20ML,0,5
,ATORVASTATINA 10MG,100,0.5
,NICOVEL 8 MICONAZOL NITARATO 100M9 +TINIDAZOL 150 M9),10,780
,ACI -TRIP (MA9ALDRATO + SIMETICONA ),130,0